{
    "dense sand": {
        "0.1": {
            "T_u": 467.412807442048,
            "delta_t": 0.003,
            "K_a": 155804.26914734932,
            "P_u": 4074.9915822617722,
            "delta_p": 0.010924000000000001,
            "K_l": 373031.08588994615,
            "Q_u": 455.575450909091,
            "delta_qu": 0.003731,
            "K_vu": 122105.45454545457,
            "Q_d": 24324.942156860117,
            "delta_qd": 0.017310000000000002,
            "K_vb": 1405253.7352316645
        },
        "0.2": {
            "T_u": 717.9691234120551,
            "delta_t": 0.003,
            "K_a": 239323.04113735168,
            "P_u": 6916.0507300206555,
            "delta_p": 0.014924000000000002,
            "K_l": 463418.0333704539,
            "Q_u": 1074.9063600000004,
            "delta_qu": 0.005731000000000001,
            "K_vu": 187560.00000000003,
            "Q_d": 31546.362087441114,
            "delta_qd": 0.017310000000000002,
            "K_vb": 1822435.7069578918
        },
        "0.30000000000000004": {
            "T_u": 968.5254393820621,
            "delta_t": 0.003,
            "K_a": 322841.813127354,
            "P_u": 10146.365166419617,
            "delta_p": 0.018924000000000003,
            "K_l": 536163.8747843804,
            "Q_u": 1956.0554509090916,
            "delta_qu": 0.007731000000000002,
            "K_vu": 253014.5454545455,
            "Q_d": 38767.78201802211,
            "delta_qd": 0.017310000000000002,
            "K_vb": 2239617.678684119
        },
        "0.4": {
            "T_u": 1219.081755352069,
            "delta_t": 0.003,
            "K_a": 406360.5851173563,
            "P_u": 13720.529134048196,
            "delta_p": 0.022924000000000003,
            "K_l": 598522.471385805,
            "Q_u": 3099.022723636364,
            "delta_qu": 0.009731000000000002,
            "K_vu": 318469.0909090909,
            "Q_d": 45989.201948603106,
            "delta_qd": 0.017310000000000002,
            "K_vb": 2656799.6504103467
        },
        "0.5": {
            "T_u": 1469.638071322076,
            "delta_t": 0.003,
            "K_a": 489879.3571073587,
            "P_u": 17599.278939336185,
            "delta_p": 0.025965,
            "K_l": 677807.7773670782,
            "Q_u": 4503.808178181819,
            "delta_qu": 0.011731,
            "K_vu": 383923.63636363647,
            "Q_d": 53210.621879184095,
            "delta_qd": 0.017310000000000002,
            "K_vb": 3073981.6221365733
        }
    },
    "soft clay": {
        "0.1": {
            "T_u": 0.29505225507815447,
            "delta_t": 0.01,
            "K_a": 29.505225507815446,
            "P_u": 0.5248068079881343,
            "delta_p": 0.010924000000000001,
            "K_l": 48.041633832674314,
            "Q_u": 0.22385999999999998,
            "delta_qu": 0.034620000000000005,
            "K_vu": 6.466204506065856,
            "Q_d": 615.9880928792047,
            "delta_qd": 0.034620000000000005,
            "K_vb": 17792.839193506778
        },
        "0.2": {
            "T_u": 0.29505225507815447,
            "delta_t": 0.01,
            "K_a": 29.505225507815446,
            "P_u": 0.5889747946194145,
            "delta_p": 0.014924000000000002,
            "K_l": 39.46494201416607,
            "Q_u": 0.34386000000000005,
            "delta_qu": 0.034620000000000005,
            "K_vu": 9.932409012131716,
            "Q_d": 927.5680928792049,
            "delta_qd": 0.034620000000000005,
            "K_vb": 26792.83919350678
        },
        "0.30000000000000004": {
            "T_u": 0.29505225507815447,
            "delta_t": 0.01,
            "K_a": 29.505225507815446,
            "P_u": 0.6282948140551063,
            "delta_p": 0.018924000000000003,
            "K_l": 33.20095191582679,
            "Q_u": 0.46386000000000005,
            "delta_qu": 0.034620000000000005,
            "K_vu": 13.398613518197573,
            "Q_d": 1239.1480928792048,
            "delta_qd": 0.034620000000000005,
            "K_vb": 35792.83919350678
        },
        "0.4": {
            "T_u": 0.29505225507815447,
            "delta_t": 0.01,
            "K_a": 29.505225507815446,
            "P_u": 0.6544781633253631,
            "delta_p": 0.022924000000000003,
            "K_l": 28.54991115535522,
            "Q_u": 0.58386,
            "delta_qu": 0.034620000000000005,
            "K_vu": 16.864818024263432,
            "Q_d": 1550.7280928792047,
            "delta_qd": 0.034620000000000005,
            "K_vb": 44792.83919350677
        },
        "0.5": {
            "T_u": 0.29505225507815447,
            "delta_t": 0.01,
            "K_a": 29.505225507815446,
            "P_u": 0.6732256621821752,
            "delta_p": 0.025965,
            "K_l": 25.928198042833632,
            "Q_u": 0.7038599999999999,
            "delta_qu": 0.034620000000000005,
            "K_vu": 20.331022530329285,
            "Q_d": 1862.3080928792042,
            "delta_qd": 0.034620000000000005,
            "K_vb": 53792.839193506756
        }
    }
}